0,0,0,0,0,0,0,0,0,0,0,0,0,0,0,0.012898227,0.02765573,0.027779591,0.028114864,0.028405009,0.028713164,0.02905534,0.029292473,0.029665573,0.0301354,0.030481736,0.030978736,0.04114597,0.051615773,0.075530764,0.076750809,0.077896773,0.07933369,0.081583291,0.088088673,0.077110382,0.086080109,0.085274909,0.09107877,0.091571818,0.092259927,0.088354073,0.104804118,0.1500766,0.166519636,0.167805727,0.191922182,0.230682273,0.225234636,0.280382,0.397240909,0.423607636,0.568780545,0.709116364,0.601082,0.623094273,1.173995455,0.991091727,0.729973909,0.953170636,1.0889943,0.911291909,0.565385909,0.716061182,1.228173091,1.2935779,0.763360182,0.669630818,1.342299818,1.298434545,1.650198182,1.64075,2.020731818,2.544419091,2.876529091,3.070395455,2.954712,2.468675455,1.785436364,1.902623636,1.484950909,1.255303636,2.099112,2.216723636,2.254694545,2.408939091,1.960851818,2.824174,3.787522727,3.61915,3.060157273,2.264118182,1.917791818,1.350561,1.472055455,1.576471818,1.775675455,1.126177182,0.6419272,0.575665,0.513159545,0.663835545,0.618484,1.446665,1.4515252,1.679952727,1.508400909,1.411818182,1.196712727,2.103234,2.046860909,0.871265091,0.681272818,0.555948091,0.429468364,0.4091158,0.377821636,0.381106273,0.319424273,0.337314545,0.3245109,0.317950818,0.303508182,0.269084636,0.259104182,0.319686636,0.3156423,0.272585636,0.252723909,0.255774273,0.244573727,0.2404706,0.216455182,0.206326182,0.222679455,0.227253545,0.200886273,0.2139985,0.209074545,0.201733909,0.193740818,0.185487909,0.1541052,0.140047364,0.156774182,0.137701818,0.101322591,0.0937698,0.08088049,0.078836345,0.0543908,0.045210991,0.047838873,0.0461069,0.035042855,0.0246573,0.017389009,0.019618927,0.016343618,0.007609831,0.001419237,0,0,0,0,0,0,0,0,0,0,0,0,0,0,0,0,0,0,0,0,0,0,0,0,0,0,0,0,0,0,0,0,0,0,0,0,0,0,0
0,0,0,0,0,0,0,0,0,0,0,0,0,0,0,0,0,0,0,0,0,0,0,0,0,0,0,0,0,0,0,0,0,0,0,0,0,0,0,0,0,0,0,0,0,0,0,0.003565193,0.0125322,0.012996,0.013249525,0.013467033,0.0136949,0.013958033,0.01424035,0.024257067,0.034789375,0.044329567,0.045693975,0.046715533,0.04807705,0.050476067,0.05048775,0.054184233,0.0668102,0.075299533,0.0869327,0.105428333,0.1100895,0.147286667,0.15397925,0.169473667,0.27315675,0.428516333,0.45696,0.446747,0.55542,0.626850333,0.62288125,0.604011667,0.59529825,0.665311667,0.39494475,0.435589667,0.565731,0.636357667,0.63377875,0.818549667,0.79739275,0.92098075,0.701763667,1.05577725,0.781873667,0.709523,0.552002333,0.54040275,0.561032667,0.78232775,1.075981,1.068466,0.769614667,1.056401,0.991305,1.2080275,1.234083333,1.04661,1.012229,1.1684975,1.579013333,1.79301,1.27949,1.176029,1.041032333,1.3285825,1.005897,1.072768,1.002931667,0.76554775,0.332450667,0.321292,0.287140667,0.330461,0.266267,0.27435425,0.0934116,0.059623825,0.037329367,0,0,0,0,0,0,0,0,0,0,0,0,0,0,0,0,0,0,0,0,0,0,0,0,0,0,0,0,0,0,0,0,0,0,0,0,0,0,0,0,0,0,0,0,0,0,0,0,0,0,0,0,0,0,0,0,0,0,0,0,0,0,0,0,0,0,0,0,0,0,0,0,0
0,0,0,0,0,0,0,0,0.005841227,0.022452292,0.022822742,0.022997475,0.023327709,0.02357245,0.023962158,0.024370173,0.024697433,0.025098825,0.025600482,0.025979175,0.026569058,0.034968767,0.068986845,0.0704649,0.07184505,0.073450564,0.075220675,0.077692742,0.080840508,0.078936845,0.085226792,0.087972183,0.095530245,0.09584415,0.110934192,0.174083,0.191830167,0.20309125,0.24735925,0.357995091,0.34441475,0.412978833,0.637426455,0.512369,0.6323345,0.578395167,0.583445091,0.574723417,0.597241833,0.889023455,0.940156,0.978259333,0.78700275,0.605074636,0.624110667,0.469892167,0.639521545,0.777838333,0.790469333,0.873057909,0.74477625,0.710342167,0.830158833,1.061313455,0.858831667,0.738766083,0.457067273,0.478346417,1.021204833,0.904648667,0.723232636,0.414492083,0.25940575,0.458584455,0.481567167,0.848658333,0.919177545,1.056959167,0.862952833,1.114610333,1.298032727,1.234746583,0.78576025,0.700786,1.185450833,1.621080833,1.665145833,2.090360909,2.5854975,2.395159167,1.904721818,1.693293333,1.4579525,1.34528,1.317948333,1.146013833,0.935640333,1.634529091,1.348352583,0.657915,0.485008364,0.434094083,0.40891025,0.415075083,0.354771182,0.4035655,0.682242417,0.754654182,1.264806,1.003361917,0.780194,0.799679417,0.687596417,0.6475635,0.710561636,0.6219715,0.72544025,1.164385455,1.104318583,0.898297083,0.673932167,0.664504364,0.7150535,0.638346583,0.826432636,0.826466167,0.6432805,0.551097,0.526739273,0.477295583,0.566570917,0.364138818,0.230054333,0.23064375,0.192340364,0.171118917,0.095095008,0.071686042,0.014907382,0.001706983,0,0,0,0,0,0,0,0,0,0,0,0,0,0,0,0,0,0,0,0,0,0,0,0,0,0,0,0,0,0,0,0,0,0,0,0,0,0,0,0,0,0,0,0,0,0,0,0,0,0,0,0,0,0,0,0,0,0,0,0
0,0,0,0,0,0,0,0,0,0,0,0,0,0,0,0,0,0,0,0,0,0,0,0,0,0.023335114,0.02683474,0.027535736,0.028172687,0.028966371,0.029808453,0.030812471,0.031937833,0.033195243,0.034620373,0.036380693,0.038467387,0.0578158,0.06378214,0.123804343,0.304671667,0.527207214,0.744948733,0.685983333,0.71441,0.796028,1.001241429,0.918481333,0.885967857,1.186076667,1.194545357,0.799124667,0.822417643,1.002953267,1.668320929,1.679337333,1.425092143,1.214582667,1.328417143,1.650919333,0.797857429,0.693467067,0.841950357,0.982896333,1.015421643,1.0946868,1.1473208,0.328693857,0.808091933,1.062897071,0.961899933,1.748767214,2.096416667,1.398312857,1.64766,1.353353571,1.176643333,2.108862143,2.434836,2.190117143,2.523716667,2.329072857,2.04806,2.950052857,1.85349,1.748237143,1.277345333,1.357679286,1.386162667,0.881431333,1.548421429,0.851119333,0.790414143,1.103170867,1.424177143,1.488144667,1.333847143,1.3296,1.187190714,1.243300667,1.685627857,1.526275067,0.9682205,1.039046,1.182660714,1.234277333,1.526421429,1.238644667,1.381917857,2.107758,1.52643,1.28895,1.348045333,1.466762857,1.360638,1.033117071,0.898195733,0.470807143,0.310739133,0.130881829,0.03268002,0.006938184,0.000390919,0,0,0,0,0,0,0,0,0,0,0,0,0,0,0,0,0,0,0,0,0,0,0,0,0,0,0,0,0,0,0,0,0,0,0,0,0,0,0,0,0,0,0,0,0,0,0,0,0,0,0,0,0,0,0,0,0,0,0,0,0,0,0,0,0,0,0,0,0,0,0,0,0,0,0,0,0
0.021199733,0.021585792,0.021976864,0.022310575,0.022730458,0.023249417,0.023685673,0.024192942,0.024798267,0.025328791,0.026018467,0.026702225,0.027493564,0.059211917,0.0671804,0.069710555,0.076493342,0.071076917,0.078655791,0.078169267,0.082712258,0.0862097,0.091722733,0.097499075,0.116464382,0.177854417,0.29912625,0.334383182,0.361029917,0.40116775,0.445399182,0.505006,0.532967167,0.56164175,0.549168091,0.562524833,0.57596425,0.613693,0.675443417,0.6032465,0.897539273,0.843121667,0.93460175,0.635406091,0.456063583,0.407891917,0.896398182,0.912900417,0.748358583,0.847455364,1.009427167,1.344794333,0.595105182,0.81089825,0.532633833,0.933792273,1.092849833,0.78838925,0.961565545,0.397596833,0.178662417,0.223476917,0.570473909,0.856946667,0.887359,1.358985636,1.198806167,1.087825,1.184705455,1.062239083,1.148181417,0.952864909,0.886174167,0.997341417,2.753900909,2.333380833,2.435745833,2.296206364,2.271659167,1.78735,1.710804545,1.653533333,1.320558333,1.767637636,0.878161917,0.9470545,0.678483273,0.639026167,0.884340167,0.763834,0.756313909,0.671505167,0.669296833,1.026443636,1.283496667,1.289003333,1.042965727,1.004233083,0.941692833,0.784390636,0.885239083,0.835443,1.644668182,0.98151,0.906138667,0.810827273,0.884276417,0.914003333,0.905884182,1.28319775,0.723624083,0.865315727,0.992071417,1.577323333,1.492513636,0.874102,0.994102083,1.016619,1.115082182,1.14034125,0.674381333,0.538169818,0.44861275,0.33690275,0.156289273,0.081960917,0.051211633,0.0193417,0.003855802,0,0,0,0,0,0,0,0,0,0,0,0,0,0,0,0,0,0,0,0,0,0,0,0,0,0,0,0,0,0,0,0,0,0,0,0,0,0,0,0,0,0,0,0,0,0,0,0,0,0,0,0,0,0,0,0,0,0,0,0,0,0,0,0,0,0,0,0,0,0,0
0,0,0,0,0,0,0,0,0,0,0,0,0,0,0,0,0,0,0,0,0,0,0,0,0,0,0,0,0,0,0.00088532,0.024221269,0.029407613,0.029745863,0.030072787,0.030397119,0.03072478,0.03109298,0.031475294,0.03183498,0.053112606,0.083446647,0.088593107,0.089946163,0.091588293,0.093219419,0.097894833,0.094532433,0.0989678,0.100581813,0.105391306,0.11127822,0.099613531,0.144272533,0.162653733,0.182445438,0.1747014,0.183979063,0.1934296,0.197524067,0.207902313,0.235493733,0.258140813,0.300373933,0.303690533,0.35242675,0.433568,0.4527945,0.532842267,0.440138625,0.408236467,0.6884994,0.855794688,0.6553496,0.590847375,0.564262267,0.5589138,0.6122075,0.589647667,0.479178813,0.3851184,0.261616,0.316316875,0.663007267,0.792769313,0.893121267,0.705400875,1.075518467,1.539040667,1.402191875,1.145131133,1.118611875,0.582367733,0.621612667,0.720220313,0.810049333,0.993578125,1.098241333,1.204583333,1.215811875,1.233799133,1.095429938,1.266579267,1.148283125,1.236436667,1.36387,1.30777375,1.120132667,1.146150625,1.188393333,1.273646,2.209568125,1.901770667,1.456780625,0.978468733,0.854501267,0.614479688,0.4696104,0.142451769,0.019896951,0.000322258,0,0,0,0,0,0,0,0,0,0,0,0,0,0,0,0,0,0,0,0,0,0,0,0,0,0,0,0,0,0,0,0,0,0,0,0,0,0,0,0,0,0,0,0,0,0,0,0,0,0,0,0,0,0,0,0,0,0,0,0,0,0,0,0,0,0,0,0,0,0,0,0,0,0,0,0,0,0,0
0,0,0,0,0,0,0,0,0,0,0,0,0,0,0,0,0,0,0,0,0,0,0,0,0,0,0,0,0,0,0,0,0.009702533,0.02773714,0.028151136,0.02884494,0.0295562,0.030331493,0.031137907,0.031988871,0.033082613,0.034359393,0.035740643,0.05293694,0.087009086,0.090869627,0.101499347,0.465359929,0.498822267,0.638092643,0.908527333,0.854121333,0.875256429,0.941541333,1.085440714,1.622616667,1.314813333,1.224025,1.187246,0.735128857,0.870642933,1.300394,1.565361429,1.473595333,1.234819286,1.015939333,1.224780667,1.147017143,0.615685,0.732989071,0.443117933,0.656522733,0.767843214,1.184428867,0.8513655,0.639076667,0.4949788,1.241751429,0.952903667,1.122426857,1.585100667,1.433183333,1.638083571,1.213075067,1.435814429,1.872846667,1.963256,2.009152857,2.480536,2.441585,2.397976,1.949621333,1.8253,1.814392,1.514482857,1.484841333,1.110635333,1.355662143,1.112298667,0.643148214,0.579768667,0.5571576,0.561881786,0.838505067,0.920744357,0.874291533,1.404898667,1.044769357,0.9477398,1.009909286,0.810906067,1.031441333,1.402890286,1.139174533,0.900477357,0.845979533,0.976433667,0.8638065,1.108259933,0.891954429,1.034586333,0.980644867,0.989709571,0.480799067,0.43381,0.405226333,0.415681867,0.10414625,0.041375087,0.003270139,0,0,0,0,0,0,0,0,0,0,0,0,0,0,0,0,0,0,0,0,0,0,0,0,0,0,0,0,0,0,0,0,0,0,0,0,0,0,0,0,0,0,0,0,0,0,0,0,0,0,0,0,0,0,0,0,0,0,0,0,0,0,0,0,0,0,0,0,0,0
0,0,0,0,0,0,0,0,0,0,0,0,0,0,0,0,0,0,0,0,0,0,0,0,0,0,0,0,0,0,0,0,0,0,0,0,0,0,0,0,0,0,0.014605922,0.032451811,0.033793583,0.034195667,0.034504606,0.034856482,0.035262861,0.035724778,0.051334928,0.071650411,0.072588194,0.083005278,0.107485882,0.109577167,0.111915167,0.115622056,0.114366444,0.117958556,0.125844556,0.122728706,0.157977556,0.159961611,0.178281333,0.179677556,0.204424,0.238520389,0.244800824,0.2773355,0.260863222,0.330049,0.383496444,0.435589056,0.566369056,0.736794118,0.677057222,0.956642778,0.784179778,0.973743333,1.03759,0.909244444,1.08352,0.828428556,0.904987056,0.829984056,0.860796611,1.281187778,1.363666667,1.232461059,1.552614444,1.574285556,1.617718333,1.548608889,1.360357222,0.903663,1.153084611,1.421027647,1.745907222,1.511986667,1.754866667,1.644673889,2.117045556,1.801523889,2.075633529,2.488511667,2.332958889,3.190145556,2.710212222,2.574457222,1.868564444,0.935006235,0.446209444,0.175059406,0.001287583,0,0,0,0,0,0,0,0,0,0,0,0,0,0,0,0,0,0,0,0,0,0,0,0,0,0,0,0,0,0,0,0,0,0,0,0,0,0,0,0,0,0,0,0,0,0,0,0,0,0,0,0,0,0,0,0,0,0,0,0,0,0,0,0,0,0,0,0,0,0,0,0,0,0,0,0,0,0,0,0,0,0,0,0,0
0,0,0,0,0,0,0,0,0,0,0,0,0,0,0,0,0,0,0,0,0,0,0,0,0,0,0,0,0,0,0,0,0,0,0,0,0,0,0,0,0,0,0,0,0,0,0,0,0,0,0,0,0.002164008,0.008552315,0.008807713,0.009054085,0.009349305,0.01897005,0.0199793,0.024668575,0.039767275,0.041113175,0.0424808,0.058806625,0.065009275,0.068225275,0.07056295,0.07812245,0.07816705,0.099359275,0.10767225,0.110968325,0.133857875,0.15273225,0.15385575,0.157084,0.18158575,0.20186075,0.22686725,0.245718,0.26995075,0.323003,0.3257665,0.3383415,0.52221275,0.47815875,0.58526625,0.5861525,0.51503175,0.4529535,0.421182,0.56374675,0.781303,0.723478,0.7688425,1.29458,1.09966,0.996945,0.83340925,0.8834205,1.1865775,1.4383525,1.54206,1.354435,1.30063,1.185235,1.185785,1.5048275,1.520935,0.8734935,1.229025,1.22382,1.6292875,1.2699325,1.13653,1.23379125,0.841261667,0.8822555,0.57642825,0.27878325,0.290594,0.163130375,0.034927625,0,0,0,0,0,0,0,0,0,0,0,0,0,0,0,0,0,0,0,0,0,0,0,0,0,0,0,0,0,0,0,0,0,0,0,0,0,0,0,0,0,0,0,0,0,0,0,0,0,0,0,0,0,0,0,0,0,0,0,0,0,0,0,0,0,0,0,0,0,0,0,0,0,0,0,0,0
0,0,0,0,0,0,0,0,0,0,0,0,0,0,0,0,0,0,0,0,0,0,0,0,0,0,0.042513782,0.062836182,0.064643673,0.066121336,0.067740273,0.069629473,0.071843,0.07440445,0.077338536,0.080515945,0.084426009,0.089059445,0.166423182,0.176540273,0.344076455,0.561027727,0.601850545,1.132278,1.735578182,1.810029091,1.775941667,1.944823636,1.97925,2.013365455,1.978961818,1.802670909,1.444784545,1.119248182,1.27033,1.126393636,1.414031818,1.335367273,1.544040833,1.220862727,1.112656364,1.556357273,1.257390636,1.114132818,1.512210909,1.121784727,0.862175,1.183231818,1.204989091,1.839201818,1.877043636,2.262168333,2.802223636,2.13648,2.139868182,1.408762818,0.983343636,1.870847273,1.2457,1.072375455,1.123507727,0.756719909,0.835413818,1.513885455,1.89299,1.690614545,1.097962818,0.867897273,0.946237636,1.004911273,1.107522727,1.438646364,1.313598182,1.346597273,1.503422727,1.191177273,0.988982545,1.049113833,1.085019455,1.291370818,1.209943636,1.934547273,2.022556364,2.07289,2.214876364,2.245246364,1.327465455,1.670823636,0.458861909,0.249290091,0.20293525,0.186424,0.205364636,0.180857727,0.205675,0.198676636,0.203613818,0.245135636,0.215310636,0.224490364,0.210922909,0.186930818,0.214263583,0.213495545,0.210575182,0.181267909,0.243261636,0.201614545,0.193860091,0.205184364,0.226790727,0.223338182,0.184516727,0.193995182,0.242168455,0.244084,0.231270182,0.243963545,0.202911727,0.190493273,0.207920727,0.192592364,0.188813364,0.197725727,0.222553909,0.216629727,0.204848182,0.220521727,0.208355667,0.236339273,0.180405182,0.195389909,0.208037,0.155585,0.129520273,0.141562727,0.124035182,0.124071727,0.094554909,0.075787,0.063199018,0.061082542,0.039644527,0.018292618,0.036609173,0.018406782,0.010062923,0,0,0,0,0,0,0,0,0,0,0,0,0,0,0,0,0,0,0,0,0,0,0,0,0,0,0,0,0,0,0,0,0
0,0,0,0,0,0,0,0,0,0,0,0.049894778,0.059502189,0.05991023,0.060952522,0.06195501,0.063060467,0.064226444,0.06556769,0.067043478,0.068637189,0.07067387,0.077449944,0.1095242,0.113314889,0.119101333,0.1245179,0.130533,0.136256556,0.1540858,0.160217222,0.1816482,0.227334111,0.372912111,0.7508306,0.798434778,0.9538308,1.411726667,1.167062222,1.474859,1.784414444,2.09278,2.212194,1.576662222,1.573886,1.710817778,1.357100778,0.7607873,1.199770667,1.78939,1.338207111,1.776665556,2.341513,1.626292222,1.291811111,1.982953,2.336933333,2.455576,3.270155556,2.994295556,2.791622,1.289225222,2.302941111,1.191901,1.302712222,0.911646,1.802538889,2.375292222,1.595346,1.645052222,1.1411249,1.789262222,1.814528889,1.860801,1.923438889,1.455314444,1.631137,1.848964444,1.884679,3.639203333,3.856994444,2.881015,1.914291111,1.135049556,0.3383666,0.234979111,0.2653528,0.239376222,0.232017556,0.2350089,0.239865778,0.2224166,0.239739667,0.238007556,0.2166007,0.217079889,0.223104,0.1946169,0.211599556,0.2414741,0.210721333,0.230268889,0.1879693,0.206443,0.2399535,0.228922556,0.227952111,0.2032615,0.197539667,0.284051778,0.2357864,0.175246111,0.2234625,0.248260333,0.233249111,0.2199672,0.244117444,0.226990222,0.1419309,0.234024778,0.2411362,0.198962222,0.177918556,0.2475476,0.192745778,0.2237634,0.235143222,0.187903222,0.2387084,0.208842,0.173223889,0.1725962,0.142945,0.2847992,0.330978,0.294954778,0.2329989,0.201137111,0.22579,0.2243753,0.185260667,0.1604412,0.158944333,0.200460111,0.1962402,0.269553444,0.2535281,0.271561,0.315683111,0.2955633,0.291277444,0.216255778,0.1777686,0.181320333,0.2090403,0.217295,0.192098444,0.2186885,0.24151,0.2189954,0.205380556,0.238498333,0.2609933,0.280230222,0.283839111,0.2019474,0.254928444,0.2421817,0.208859111,0.181749111,0.1901721,0.184145111,0.227475667,0.2064507,0.231654,0.2974176,0.269086,0.247624667,0.2390575,0.183369333,0.1619393,0.049294889,0.035769511,0.023435376,0.000123345,0,0,0,0,0,0,0,0,0,0,0,0,0,0,0
0,0,0,0,0,0,0,0,0,0,0,0,0,0,0,0,0,0,0,0,0,0,0,0,0,0,0,0.000121532,0.05814313,0.05995833,0.061721945,0.06347967,0.06574071,0.068656691,0.07244762,0.07721383,0.107541064,0.1795138,0.2620728,1.152524,2.615394545,2.974132,3.163023,3.824177273,3.048983,2.4834,1.693424545,2.481771,2.678682,2.401542,2.602417273,2.330284,2.550737,2.757714545,4.83044,4.655645,2.269947273,2.655762,1.874147,2.443399,2.890930909,2.675438,2.555811,2.574759091,2.818902,2.420664,2.605178182,2.780745,4.067386,5.373051,2.972013636,1.352931,0.2382983,0.197880727,0.1734863,0.1916789,0.155998455,0.1721285,0.1997089,0.1528595,0.185685909,0.1581575,0.1736579,0.164857727,0.1556208,0.1606735,0.1575688,0.155344364,0.1484189,0.1488043,0.152685818,0.1680212,0.1594521,0.158500182,0.1714479,0.1674936,0.1689522,0.182930545,0.1815156,0.1787134,0.167038,0.1750516,0.1557687,0.177435364,0.1760754,0.1855794,0.2246706,0.160873091,0.1366423,0.1910898,0.198008727,0.1554065,0.1596834,0.185710818,0.197419,0.1736791,0.1687757,0.168486727,0.2064127,0.1604401,0.138334364,0.1760929,0.2045977,0.144112182,0.1933005,0.1644102,0.2127128,0.213318818,0.1523577,0.1502466,0.146967455,0.1324253,0.1265902,0.112647545,0.1090506,0.1063642,0.1124905,0.091600155,0.2813846,0.2360533,0.236750636,0.2343713,0.2263751,0.200291727,0.2355003,0.2284236,0.2425355,0.233301727,0.2322595,0.2024211,0.156242818,0.2115521,0.2404316,0.211487909,0.1914027,0.1928015,0.204173,0.194065182,0.2228097,0.2402932,0.195188818,0.2285137,0.1772193,0.217627182,0.2523101,0.2447077,0.2072724,0.239036818,0.2330837,0.254579,0.230973364,0.2355348,0.1896462,0.195439364,0.1860193,0.222371,0.2320832,0.351216636,0.1963213,0.10204003,0.030548836,0.003336138,1.75E-07,0,0,0,0,0,0,0,0,0,0,0,0,0,0,0,0,0
0,0,0,0,0,0,0,0,0,0,0,0.025719067,0.0502701,0.0506543,0.050855189,0.051158567,0.051391278,0.051808411,0.052291711,0.052708178,0.052954033,0.053575311,0.054018033,0.054497833,0.068553989,0.084412733,0.0855999,0.086586356,0.088136822,0.09339067,0.081547489,0.096611222,0.098757311,0.097092667,0.095749989,0.121431222,0.080873433,0.114019256,0.109361256,0.120385111,0.121799556,0.140429,0.162372667,0.173403667,0.177958556,0.193109556,0.210462889,0.238642667,0.275335556,0.385959,0.480527556,0.718475556,0.862022222,1.229068889,0.938492889,0.970303,1.334426333,1.90979,2.539431111,2.660125556,2.025578889,1.573909,1.822628889,2.16161,1.875075556,2.46365,2.857522222,1.97043,3.42462,3.071244444,3.536682222,5.065825556,4.023925556,3.172808889,1.865128889,1.621278889,4.896375556,2.034032222,2.295083333,3.486604444,3.543861111,2.785504444,3.495844444,5.92972,5.046007778,1.488536444,0.372542444,0.317984,0.320381333,0.301132444,0.307620778,0.279055667,0.249281889,0.3097923,0.234266667,0.261069444,0.247323556,0.239079222,0.265016556,0.229807778,0.234146444,0.208815778,0.198762222,0.207787333,0.228907222,0.203572,0.247861111,0.234656,0.146098556,0.200120222,0.212389778,0.161261556,0.191412556,0.223704778,0.191462,0.197844222,0.183943222,0.165614111,0.182954111,0.201015,0.170511111,0.150341667,0.152291778,0.212907444,0.1501138,0.176013222,0.178066556,0.237149778,0.199902,0.172858,0.135433,0.135705556,0.141125,0.126648444,0.119324333,0.113749667,0.094928889,0.104895889,0.132912889,0.081453556,0.052633867,0.092270778,0.173598556,0.246303,0.226196,0.218087333,0.224387222,0.193124,0.203649889,0.177380444,0.181142778,0.232073333,0.207892222,0.198965889,0.236878778,0.164579444,0.1297478,0.175471333,0.192111444,0.150683111,0.240023222,0.213114778,0.193388111,0.212567111,0.231770889,0.197263889,0.236182222,0.186505333,0.175549111,0.162054,0.134795889,0.153007444,0.155482444,0.159484778,0.171371889,0.213267222,0.206051444,0.234735222,0.191064,0.202834667,0.204412556,0.198225222,0.146612222,0.195425889,0.175927,0.210748111,0.229630333,0.195035889,0.1432143,0.091383222,0.028873978,0.007077284,0.001273226,0,0,0,0,0,0,0
0.064725733,0.0656399,0.066583,0.067855822,0.06908567,0.07019676,0.071703789,0.07317924,0.07475757,0.07675272,0.078540633,0.09294376,0.1305522,0.134084111,0.1373367,0.1460834,0.135374444,0.1591625,0.1627434,0.180857889,0.1762798,0.2574468,0.191059667,0.2486854,0.3565435,0.725124222,0.9820415,0.9366658,0.959077889,1.1180479,0.8500111,0.819254667,1.0736919,1.166995,1.18962,1.228952,1.423339,1.225084444,1.103379,1.171356,1.457545556,1.177484,1.058776,0.823748333,0.5808487,0.5837629,0.844462222,1.338478,1.2867699,0.468479111,1.0947186,1.317989,1.543959778,1.0957506,1.287838,0.904635778,0.7279686,0.7891201,1.193828889,1.008592,1.225895,1.687322222,1.798184,1.117384,1.585197778,2.322119,1.2800496,2.10937,1.585975,1.122636,1.217736667,1.470502,1.1513864,0.617748333,0.6342691,0.6096363,0.43231,0.4757302,0.6327355,1.656811444,1.966743,1.260666,0.527458111,0.5736003,0.5430383,0.671572889,0.7348066,0.9932042,1.0368659,1.164597556,0.8592968,0.9826702,1.280638889,1.032252,0.8489166,0.872538556,0.7463903,0.8318884,0.699503556,0.8037068,0.9496726,0.984227222,1.312668,1.234689,1.423376667,1.562138,1.391473,2.096044444,1.479141,1.116969,1.213836667,1.3784244,0.3704248,0.283297,0.2436503,0.2788916,0.195594333,0.2411072,0.2560158,0.217143556,0.2285715,0.226471,0.250181444,0.2220006,0.2268629,0.237111111,0.2534653,0.250929,0.254436667,0.2206191,0.2037593,0.269694,0.2795482,0.2603459,0.225720333,0.2076832,0.2294856,0.261218667,0.2144217,0.2536449,0.251144667,0.2517941,0.2484324,0.291431556,0.1730013,0.3132164,0.252554889,0.2425118,0.2059647,0.189191444,0.1764865,0.1844596,0.158851778,0.1365819,0.1360685,0.151940333,0.129231,0.0775325,0.081202,0.03268771,0.0151643,0.00791656,0.002996084,0.000163006,0,0,0,0,0,0,0,0,0,0,0,0,0,0,0,0,0,0,0,0,0,0,0,0,0,0,0,0,0,0,0,0,0,0,0,0
0,0,0,0,0,0,0,0,0,0,0,0,0,0.005416618,0.052496944,0.05841849,0.05897831,0.059390489,0.05977162,0.06022793,0.06069387,0.0613303,0.06178838,0.06229023,0.063065644,0.06349724,0.06433183,0.0706678,0.09987077,0.10034176,0.101872,0.103375444,0.1090257,0.10637895,0.101361744,0.1141784,0.1130495,0.115799444,0.1144968,0.1421168,0.09772442,0.149561,0.1324798,0.141993,0.160743333,0.1688086,0.1973961,0.201992444,0.2293098,0.233262,0.249973111,0.3402166,0.3861666,0.5536317,0.841702889,0.768126,0.718292,0.786357444,1.2769432,1.483649,1.583967778,1.536582,1.556562,1.38426,1.248758889,1.519022,1.825244,1.739312222,1.660161,1.474664,1.971302222,1.705171,1.718723,1.966141,2.097968889,2.301269,2.422793,2.647502222,2.281964,2.760043,1.850462222,2.064184,1.490289,3.67105,2.606535556,2.286938,2.433268,2.060081111,2.08158,1.883616,3.300004444,2.10766,3.206597,3.467899,2.554414444,1.543872,1.37244,1.104096667,1.2967774,1.572724,2.068481111,2.458114,1.612888,0.556343222,0.2973151,0.2909038,0.2955949,0.305803667,0.2761815,0.2834787,0.273273667,0.2632504,0.240761,0.253409556,0.2537371,0.2524932,0.253569,0.244373222,0.2145953,0.2686852,0.244015778,0.2437244,0.2401167,0.215136667,0.2058429,0.2275323,0.2169676,0.210516333,0.2168838,0.2024546,0.197174444,0.2057045,0.2423156,0.181093778,0.1891549,0.2228423,0.1954385,0.227398333,0.2115427,0.2487493,0.221962556,0.2123893,0.1822727,0.165765667,0.1549535,0.1522035,0.146191556,0.1350917,0.1340139,0.1257713,0.130088,0.116121,0.114827,0.118156222,0.1027007,0.1180273,0.094839889,0.0831434,0.0937308,0.099133,0.096897889,0.1821258,0.1826726,0.175794444,0.2129134,0.2764314,0.256963667,0.2281194,0.2536767,0.2109153,0.206808889,0.1901612,0.1591271,0.161639556,0.1089392,0.0978829,0.087342644,0.04231379,0.01643305,0.007914494,0,0,0,0,0,0,0,0,0,0,0,0,0,0,0,0,0,0,0,0
0,0,0,0,0,0,0.016909052,0.06698399,0.067645767,0.06871269,0.069747078,0.07081441,0.0720186,0.07311966,0.07443459,0.076041289,0.07760003,0.079212667,0.08127773,0.083300011,0.11772882,0.128885111,0.1329511,0.1433916,0.138520111,0.1467695,0.156525889,0.1780364,0.170013889,0.1975925,0.189322444,0.2499791,0.361118556,0.5245137,0.8773072,0.796872,1.080955,1.256443333,1.0184687,0.913104222,1.171737,1.429755556,1.57588,1.828516667,1.484124,1.342507,1.449994444,1.44797,1.149085556,0.9571212,0.655578889,0.6779713,1.136476778,1.623066,0.946464,1.125992444,1.609253,1.562831111,1.35595,1.081664444,1.006695,1.365805556,1.469163,1.808263333,2.097685,1.562599,1.8406,2.450474,2.050853333,2.029584,1.517664444,1.871958,1.671047778,0.9885855,0.807831111,0.7518502,0.5347199,0.652981111,1.3737198,2.16376,1.5170865,0.868388333,0.8906703,0.975413778,1.0072621,1.048655667,1.2007914,1.256465,1.374381111,1.376953,1.147717778,0.9635059,1.007814778,1.0619874,1.182233333,1.235304,1.562091,2.157216667,2.142409,2.395947778,2.186043,1.501161111,1.4918483,1.083508667,0.3457402,0.270846333,0.2401851,0.2487637,0.263625333,0.2465444,0.250975556,0.2413681,0.265829222,0.2287316,0.234565889,0.2413773,0.240530222,0.2175553,0.2522476,0.242706556,0.1979887,0.208198778,0.261923,0.281474778,0.3130753,0.234624222,0.2105396,0.2337097,0.281925889,0.2103015,0.227875333,0.2578578,0.266919667,0.2247871,0.252074222,0.2462661,0.228456556,0.2372891,0.2533168,0.270657778,0.2394187,0.189255889,0.3215483,0.255467778,0.252983,0.191801667,0.1691501,0.178331444,0.2284891,0.1823487,0.172104889,0.185518,0.155755778,0.1544261,0.171594,0.1406753,0.177301556,0.394727,0.4048612,0.304413667,0.305596,0.273219778,0.3032726,0.271973556,0.2415848,0.208374889,0.2041108,0.238460778,0.2734509,0.1754455,0.161286556,0.1595785,0.131069667,0.1206137,0.072685244,0.01127299,0,0,0,0,0,0,0,0,0,0,0,0,0,0,0,0,0,0,0,0,0,0,0,0
0,0,0,0,0,0,0,0,0,0,0,0,0,0,0,0,0,0,0,0,0,0,0,0,0,0,0,0,0,0,0,0,0,0,0,0.03207965,0.070041536,0.07163611,0.073078373,0.074885091,0.07689403,0.079090827,0.081798536,0.08487154,0.088496991,0.09277151,0.137342273,0.160491091,0.1724841,0.194056182,0.434114636,0.8223346,1.448291818,1.707698,2.026367273,2.158148182,2.519424,2.52435,2.280688,2.116578182,1.709175455,1.507619,1.495032727,1.635560909,1.658505,1.527457273,1.638772,1.422726364,1.703257273,1.414097,1.855367273,1.791021818,1.822501,2.385381818,3.248594,2.473458182,2.301012727,2.900951,1.992275455,1.739940909,1.770758,1.214268182,1.499046,1.846712727,1.321440909,2.023148,1.731551818,1.409686364,1.531366,1.619090909,1.658044,1.838162727,1.584063636,1.757851,1.709072727,2.078313636,2.643632,2.583834545,2.361308,2.227426364,1.880930909,1.3917505,0.964327182,0.8352192,0.237296455,0.195556636,0.2216893,0.205776727,0.202651727,0.2198429,0.189200091,0.2088193,0.212557818,0.194773818,0.1994682,0.232871727,0.195712,0.2369178,0.231609909,0.2205114,0.211714091,0.217458,0.2178148,0.210714636,0.209459727,0.1970793,0.211024545,0.2070298,0.231361273,0.237774727,0.2431509,0.220850455,0.220839545,0.1828816,0.222656545,0.2262538,0.219079364,0.207499182,0.2124419,0.223512636,0.213373,0.2129932,0.225173909,0.2206866,0.211336455,0.209071182,0.239003,0.256640727,0.236213727,0.2569577,0.237945091,0.2034699,0.187809182,0.178253273,0.1748532,0.172729182,0.1637792,0.150145727,0.150316636,0.1510038,0.148294364,0.122541091,0.1234333,0.141814818,0.1323582,0.126667909,0.115580636,0.1020594,0.128353727,0.140941273,0.1540003,0.212460545,0.285094,0.286686,0.237857545,0.2002278,0.168412182,0.158655545,0.103546,0.051607018,0.02530467,0.017484264,0.008850093,0.001796521,0,0,0,0,0,0,0,0,0,0,0,0,0,0,0,0
0,0,0,0,0,0,0,0,0,0,0,0,0,0,0,0,0,0,0,0,0,0,0,0,0,0.006974975,0.025757113,0.026112307,0.026319825,0.026669987,0.026990913,0.027333893,0.027754973,0.028179856,0.028548847,0.029082031,0.02953768,0.030071313,0.030667294,0.04266248,0.088173727,0.089843106,0.09430274,0.089375025,0.097570087,0.097745747,0.102048163,0.106315467,0.110839813,0.107017273,0.119862733,0.124709563,0.134273,0.188641333,0.237708313,0.276105533,0.330975938,0.5614768,0.670646,0.569100625,0.529833333,0.53092625,0.549787333,0.550968,0.6326575,1.435505333,1.5686825,1.02606,0.916935333,1.030584688,0.9664502,0.785533267,0.680067375,0.628775467,0.68712125,1.263616667,1.448641333,1.215877625,1.279795,1.749781875,1.675576667,1.818985333,1.538355,1.445223333,1.263239375,1.929669333,1.871448,1.76073,2.478001333,2.545778667,1.626385625,1.382981333,1.3502025,1.558832,1.182354333,1.10165125,1.078794667,1.326173125,1.120571333,1.180938,1.23814625,1.393113333,1.661064667,1.700020625,1.573308667,1.60756,1.840110667,1.99255,1.94123125,1.993751333,1.78719375,1.940755333,1.952441333,0.720386188,0.136882367,0.028169909,0,0,0,0,0,0,0,0,0,0,0,0,0,0,0,0,0,0,0,0,0,0,0,0,0,0,0,0,0,0,0,0,0,0,0,0,0,0,0,0,0,0,0,0,0,0,0,0,0,0,0,0,0,0,0,0,0,0,0,0,0,0,0,0,0,0,0,0,0,0,0,0,0,0,0,0,0,0,0,0,0,0,0,0
0,0,0,0,0,0,0,0,0,0,0,0,0,0,0,0,0,0,0,0.005181922,0.010124251,0.014720014,0.019688386,0.019809423,0.020001871,0.02019815,0.020382443,0.020607992,0.020805143,0.021049193,0.021335279,0.0215641,0.04848435,0.04918265,0.061381536,0.076198721,0.075660938,0.077069164,0.081195493,0.0783042,0.083755031,0.085244007,0.081225686,0.092608514,0.0940066,0.096244207,0.119770514,0.139853857,0.144600923,0.162724357,0.179352714,0.229579571,0.379174643,0.343626154,0.353354143,0.350060071,0.366790929,0.648431615,0.9657595,0.810982,0.734618571,0.797221308,0.703087071,0.542830286,0.490875571,1.011556385,1.133897643,1.347685714,1.520640714,1.656939286,1.252556154,1.127069214,1.547815714,1.663102857,1.645373846,1.923761429,1.604332857,1.355445714,1.347855385,1.017510071,1.047755571,1.235668571,1.540375385,1.957392857,2.065098571,2.20264,2.494243571,2.526272308,2.580076429,3.216853571,2.781635714,2.792348462,1.961445,1.841662857,2.094077857,2.141924615,1.599701429,1.638194286,1.297484286,1.055295308,0.945411643,0.751863929,0.569477714,0.560274286,0.498126308,0.432309143,0.544682357,0.902142071,1.102439923,0.959252214,0.885503143,0.954525571,0.960936615,1.127247857,1.263156429,1.096904857,1.784795385,1.653002143,1.813326429,1.860521429,1.406894286,1.216589231,0.628634143,0.176515893,0.013549961,0,0,0,0,0,0,0,0,0,0,0,0,0,0,0,0,0,0,0,0,0,0,0,0,0,0,0,0,0,0,0,0,0,0,0,0,0,0,0,0,0,0,0,0,0,0,0,0,0,0,0,0,0,0,0,0,0,0,0,0,0,0,0,0,0,0,0,0,0,0,0,0,0,0,0
0,0,0,0,0,0,0,0,0,0,0,0,0,0,0,0,0,0,0,0,0,0,0,0,0,0,0,0,0,0,0,0.000219692,0.021551593,0.021887138,0.022328707,0.022813527,0.0233454,0.0239517,0.024627933,0.025350293,0.02613048,0.027031356,0.028088493,0.029234073,0.056417893,0.061630031,0.066306247,0.087125953,0.151775813,0.323492438,0.4944618,0.4692588,0.519029467,0.560695063,0.605031933,0.557233067,0.590892867,0.683163625,0.676903,0.956775267,1.507097333,1.398959375,1.511036667,0.990425733,0.9418874,0.823820267,0.777054188,1.135782133,1.2505,1.097737067,1.015206375,0.845080133,1.360405333,1.11105,1.129435625,1.273182667,1.300048,1.218763333,1.041570063,0.982456867,1.303861333,0.960629533,1.217468375,1.711705333,1.702186,1.333218667,1.44741625,1.465642,1.140163333,1.076004,0.960295,1.079656667,0.917372133,0.812896533,0.869481438,0.859333,0.826348933,0.950834,0.82723,0.93805875,0.963546667,1.101901333,1.166893333,1.19437,1.128567333,1.153915333,1.065875333,1.169328125,1.264103333,1.324448,1.393101333,1.19969625,1.227304,1.286614,1.135832,1.067255313,1.293667333,1.435522667,0.663586467,0.212862563,0.105259013,0.027614853,0.008588933,2.12E-05,0,0,0,0,0,0,0,0,0,0,0,0,0,0,0,0,0,0,0,0,0,0,0,0,0,0,0,0,0,0,0,0,0,0,0,0,0,0,0,0,0,0,0,0,0,0,0,0,0,0,0,0,0,0,0,0,0,0,0,0,0,0,0,0,0,0,0,0,0,0,0,0,0,0,0,0
0,0,0,0,0,0,0,0,0,0,0,0,0,0,0,0,0,0,0,0,0,0,0,0,0,0,0,0,0,0,0,0,0,0,0,0,0,0,0,0,0,0,0,0,0.007953367,0.012193133,0.012448767,0.012718667,0.012955067,0.013206633,0.013513,0.013877975,0.014299333,0.014719233,0.041516467,0.043966733,0.045508733,0.046918467,0.049007533,0.049268433,0.053184525,0.056974167,0.109851,0.114940667,0.166796333,0.309426333,0.491938333,0.529547667,0.4247775,0.391998667,0.413520333,0.489498333,0.946684667,0.86334,0.808992333,0.708403,0.77769375,0.667851333,0.522910667,0.518028,0.430159333,0.383092333,0.375534,0.533524,1.199898,1.17802475,1.16557,1.04612,0.926455,0.996151667,1.041522667,0.999959333,0.958967667,1.0991705,1.21588,1.162096667,1.06438,1.078372333,1.17654,0.987269,0.864279333,0.918593,0.729139,0.740991,0.684592,0.635346333,0.596006667,0.558951,0.546013333,0.587085333,0.59527875,0.604751333,0.654842667,0.686031,0.792133333,0.801386667,0.902323,0.917122333,0.76009525,0.785757667,0.865761,0.988898667,0.982429,1.021616333,0.901662333,0.961025333,0.9739925,1.104846667,1.031319,0.86185,0.90697,0.749602,0.656723333,0.405778667,0.219141333,0.037809583,9.28E-05,0,0,0,0,0,0,0,0,0,0,0,0,0,0,0,0,0,0,0,0,0,0,0,0,0,0,0,0,0,0,0,0,0,0,0,0,0,0,0,0,0,0,0,0,0,0,0,0,0,0,0,0,0,0,0,0,0,0,0,0,0,0,0
0,0,0,0,0,0,0,0,0,0,0,0,0,0,0,0,0,0,0,0,0,0,0,0,0,0.027864103,0.0312636,0.031790262,0.032125923,0.032532985,0.033005479,0.033489754,0.033883385,0.034400208,0.034965436,0.035458654,0.061728046,0.097830046,0.099530729,0.101557385,0.103590923,0.108137846,0.103803879,0.110823462,0.114838154,0.115539846,0.126105077,0.114203614,0.129747462,0.144618769,0.205657385,0.206489929,0.220226923,0.221914462,0.243514462,0.270484214,0.320578154,0.354092769,0.456967846,0.610646214,0.491060308,0.437303538,0.417400462,0.430143429,0.728100385,0.861897385,0.841051154,0.813373462,0.861102429,0.889835692,0.916491154,0.990668923,0.861875643,0.576499308,0.502867385,0.635862615,0.682352357,0.568658154,0.485833846,0.410303385,0.3717605,0.431161846,0.552478,0.791258154,1.259407538,1.66677,1.479800769,1.537141538,1.626456923,1.510497143,1.355684615,1.487967692,1.522641538,1.95286,1.567465385,1.45326,1.709999231,1.572010714,1.575362308,1.248389231,1.270055385,1.390074286,1.178088462,1.118790769,0.92247,0.809958462,0.92175,0.749583462,0.740041538,0.756923077,0.655623071,0.721437692,0.746474462,0.663707692,0.801515071,0.716348308,0.704535308,0.683151538,0.779001643,0.870731077,0.881182846,0.865959,0.821660643,0.782497077,0.875459077,0.850899385,0.678054154,0.646743429,0.600235385,0.531397846,0.428214615,0.339384714,0.220505692,0.167476615,0.094027677,0.049235092,1.36E-05,0,0,0,0,0,0,0,0,0,0,0,0,0,0,0,0,0,0,0,0,0,0,0,0,0,0,0,0,0,0,0,0,0,0,0,0,0,0,0,0,0,0,0,0,0,0,0,0,0,0,0,0,0,0,0,0,0,0,0,0,0,0,0
0,0,0,0,0,0,0,0,0,0,0,0,0,0,0,0,0,0,0,0,0,0,0,0,0,0,0,0,0,0,0,0,0,0,0,0,0,0,0.02128685,0.035183344,0.035467256,0.035922788,0.036328594,0.036780925,0.037277225,0.037742425,0.038238381,0.038891156,0.039450488,0.080880856,0.110031438,0.111981313,0.114200438,0.117317,0.120358813,0.1173055,0.12682325,0.127131563,0.136348438,0.1358575,0.13881275,0.14838225,0.234433375,0.237154063,0.253706125,0.270347563,0.294479333,0.365093188,0.408430438,0.693300063,0.811256875,0.75887625,0.723055625,0.734738125,1.014804375,1.445825625,1.51071625,1.37192375,1.011965625,0.956430313,1.057684938,1.00300225,0.786185063,0.623849938,0.56901275,0.708483625,0.792584125,2.02392375,1.816278125,1.779370625,1.858318125,1.887395625,1.93412875,1.956035,2.2044575,2.32887625,1.9392125,2.273528125,2.018365,1.668316875,1.748885,1.594353125,1.497189375,1.277945625,1.198108125,1.05269625,1.007623125,0.978189375,1.066320625,1.053485,1.073755625,1.221548125,1.320720625,1.46485875,1.62382625,1.400675,1.388565333,1.4209225,1.36811,1.246095,0.957824,0.600721438,0.298670188,0.043352141,0,0,0,0,0,0,0,0,0,0,0,0,0,0,0,0,0,0,0,0,0,0,0,0,0,0,0,0,0,0,0,0,0,0,0,0,0,0,0,0,0,0,0,0,0,0,0,0,0,0,0,0,0,0,0,0,0,0,0,0,0,0,0,0,0,0,0,0,0,0,0,0,0,0,0,0
0,0,0,0,0,0,0,0,1.59E-06,0.021388954,0.021507675,0.021839523,0.022122242,0.022442623,0.022799046,0.023116225,0.023429331,0.023845833,0.024202185,0.024648677,0.025097742,0.025525385,0.026064033,0.0265433,0.071828685,0.074512075,0.078272823,0.074281242,0.081448262,0.081273177,0.085036867,0.088833162,0.088943333,0.0930695,0.106384862,0.100062442,0.112467769,0.1270055,0.202654308,0.249967846,0.282602083,0.456120692,0.502918667,0.368045923,0.352648692,0.346548083,0.369624308,0.376975417,0.380961923,0.392334846,0.420335083,0.854054615,0.879003583,0.772194846,1.104889615,0.963188833,0.823651538,0.564632,0.517157923,0.623287,0.69385925,0.529366,0.363551833,0.385335077,0.468513538,0.48502,1.019113385,1.016381917,1.068775923,0.859208077,0.810042,1.209122692,1.258675,1.329954615,1.382849231,1.18350425,0.907647692,0.913497083,1.128103077,1.122413846,1.337969167,1.25682,1.3124525,1.398519231,1.587330769,1.739328333,1.402016154,1.052986667,0.930603846,0.87163,0.884603333,0.931464615,0.984521667,0.807250615,0.801755154,0.7863675,0.804955538,0.8303075,0.81111,0.751653846,0.78181,0.911615385,0.843185833,0.873397692,0.852340769,0.9078625,1.002381462,1.00163975,0.796828846,0.812093154,0.8853455,1.057223846,1.056696167,1.067446231,0.963828846,0.931759083,0.922591692,1.07777975,1.043694462,0.897018154,0.86557875,1.076024154,0.9003165,0.764623,0.480365769,0.191102917,0.090971331,0.009292272,0,0,0,0,0,0,0,0,0,0,0,0,0,0,0,0,0,0,0,0,0,0,0,0,0,0,0,0,0,0,0,0,0,0,0,0,0,0,0,0,0,0,0,0,0,0,0,0,0,0,0,0,0,0,0,0,0,0,0,0,0,0,0,0,0,0,0,0,0,0,0,0
